11:34,photo,2024-08-14T21:17:35.613+07:00,1
3:59,photo,2024-08-14T21:17:35.613+07:00,4
7:41,status,2024-08-14T21:17:35.613+07:00,1
12:13,photo,2024-08-14T21:17:35.613+07:00,2
8:29,video,2024-08-14T21:17:35.613+07:00,3
6:32,photo,2024-08-14T21:17:35.613+07:00,2
9:30,video,2024-08-14T21:17:35.613+07:00,2
7:06,photo,2024-08-14T21:17:35.613+07:00,4
6:21,video,2024-08-14T21:17:35.613+07:00,1
11:53,photo,2024-08-14T21:17:35.613+07:00,2
3:27,photo,2024-08-14T21:17:35.613+07:00,5
4:31,photo,2024-08-14T21:17:35.613+07:00,3
6:03,video,2024-08-14T21:17:35.613+07:00,1
