8:07,video,2024-08-14T21:17:35.613+07:00,5
1:18,photo,2024-08-14T21:17:35.613+07:00,2
8:12,video,2024-08-14T21:17:35.613+07:00,2
22:42,video,2024-08-14T21:17:35.613+07:00,1
4:56,video,2024-08-14T21:17:35.613+07:00,1
23:47,status,2024-08-14T21:17:35.613+07:00,1
6:09,photo,2024-08-14T21:17:35.613+07:00,1
22:44,photo,2024-08-14T21:17:35.613+07:00,4
3:16,video,2024-08-14T21:17:35.613+07:00,1
23:14,video,2024-08-14T21:17:35.613+07:00,3
0:19,video,2024-08-14T21:17:35.613+07:00,3
6:24,photo,2024-08-14T21:17:35.613+07:00,7
8:22,photo,2024-08-14T21:17:35.613+07:00,7
7:09,video,2024-08-14T21:17:35.613+07:00,2
8:59,photo,2024-08-14T21:17:35.613+07:00,5
23:10,status,2024-08-14T21:17:35.613+07:00,1
