21:21,video,2024-08-14T21:17:35.613+07:00,1
0:27,status,2024-08-14T21:17:35.613+07:00,3
2:41,link,2024-08-14T21:17:35.613+07:00,1
11:55,photo,2024-08-14T21:17:35.613+07:00,3
23:36,video,2024-08-14T21:17:35.613+07:00,1
9:23,video,2024-08-14T21:17:35.613+07:00,4
8:02,photo,2024-08-14T21:17:35.613+07:00,3
5:06,photo,2024-08-14T21:17:35.613+07:00,2
19:35,photo,2024-08-14T21:17:35.613+07:00,1
7:36,photo,2024-08-14T21:17:35.613+07:00,4
22:03,video,2024-08-14T21:17:35.613+07:00,2
23:51,photo,2024-08-14T21:17:35.613+07:00,2
2:52,photo,2024-08-14T21:17:35.613+07:00,2
7:53,video,2024-08-14T21:17:35.613+07:00,1
