6:09,video,2024-08-14T21:17:35.613+07:00,2
1:32,status,2024-08-14T21:17:35.613+07:00,1
22:30,video,2024-08-14T21:17:35.613+07:00,1
2:27,photo,2024-08-14T21:17:35.613+07:00,4
6:16,photo,2024-08-14T21:17:35.613+07:00,2
5:42,video,2024-08-14T21:17:35.613+07:00,1
8:58,video,2024-08-14T21:17:35.613+07:00,2
1:12,video,2024-08-14T21:17:35.613+07:00,5
7:56,photo,2024-08-14T21:17:35.613+07:00,7
6:32,video,2024-08-14T21:17:35.613+07:00,3
1:27,video,2024-08-14T21:17:35.613+07:00,1
12:21,photo,2024-08-14T21:17:35.613+07:00,3
