19:44,photo,2024-08-14T21:17:35.613+07:00,1
21:04,photo,2024-08-14T21:17:35.613+07:00,1
10:03,photo,2024-08-14T21:17:35.613+07:00,1
19:19,photo,2024-08-14T21:17:35.613+07:00,1
7:57,video,2024-08-14T21:17:35.613+07:00,2
1:13,status,2024-08-14T21:17:35.613+07:00,1
9:00,video,2024-08-14T21:17:35.613+07:00,5
23:30,photo,2024-08-14T21:17:35.613+07:00,5
1:56,video,2024-08-14T21:17:35.613+07:00,3
5:29,video,2024-08-14T21:17:35.613+07:00,3
2:41,video,2024-08-14T21:17:35.613+07:00,2
10:53,photo,2024-08-14T21:17:35.613+07:00,3
1:07,status,2024-08-14T21:17:35.613+07:00,1
