23:05,photo,2024-08-14T21:17:35.613+07:00,4
2:39,status,2024-08-14T21:17:35.613+07:00,1
9:22,video,2024-08-14T21:17:35.613+07:00,3
9:16,video,2024-08-14T21:17:35.613+07:00,3
5:30,status,2024-08-14T21:17:35.613+07:00,1
5:20,photo,2024-08-14T21:17:35.613+07:00,3
2:46,video,2024-08-14T21:17:35.613+07:00,1
5:56,photo,2024-08-14T21:17:35.613+07:00,4
22:24,video,2024-08-14T21:17:35.613+07:00,1
23:32,video,2024-08-14T21:17:35.613+07:00,1
0:16,photo,2024-08-14T21:17:35.613+07:00,6
8:34,video,2024-08-14T21:17:35.613+07:00,5
9:45,video,2024-08-14T21:17:35.613+07:00,2
9:05,photo,2024-08-14T21:17:35.613+07:00,5
0:24,photo,2024-08-14T21:17:35.613+07:00,4
