7:39,video,2024-08-14T21:17:35.613+07:00,5
3:50,photo,2024-08-14T21:17:35.613+07:00,6
11:16,video,2024-08-14T21:17:35.613+07:00,1
6:36,photo,2024-08-14T21:17:35.613+07:00,1
22:49,status,2024-08-14T21:17:35.613+07:00,2
7:23,photo,2024-08-14T21:17:35.613+07:00,5
5:22,photo,2024-08-14T21:17:35.613+07:00,5
21:19,status,2024-08-14T21:17:35.613+07:00,1
9:37,photo,2024-08-14T21:17:35.613+07:00,5
8:31,photo,2024-08-14T21:17:35.613+07:00,6
8:51,video,2024-08-14T21:17:35.613+07:00,4
6:52,photo,2024-08-14T21:17:35.613+07:00,3
0:55,photo,2024-08-14T21:17:35.613+07:00,4
5:02,video,2024-08-14T21:17:35.613+07:00,1
15:12,video,2024-08-14T21:17:35.613+07:00,1
