20:11,photo,2024-08-14T21:17:35.613+07:00,1
1:46,status,2024-08-14T21:17:35.613+07:00,2
20:55,photo,2024-08-14T21:17:35.613+07:00,2
13:22,photo,2024-08-14T21:17:35.613+07:00,1
3:08,photo,2024-08-14T21:17:35.613+07:00,5
8:30,status,2024-08-14T21:17:35.613+07:00,2
21:09,video,2024-08-14T21:17:35.613+07:00,1
8:11,photo,2024-08-14T21:17:35.613+07:00,3
12:25,video,2024-08-14T21:17:35.613+07:00,2
6:02,photo,2024-08-14T21:17:35.613+07:00,4
5:33,photo,2024-08-14T21:17:35.613+07:00,1
2:30,status,2024-08-14T21:17:35.613+07:00,1
5:37,status,2024-08-14T21:17:35.613+07:00,1
11:17,photo,2024-08-14T21:17:35.613+07:00,2
7:23,video,2024-08-14T21:17:35.613+07:00,4
