3:49,photo,2024-08-14T21:17:35.613+07:00,4
5:55,video,2024-08-14T21:17:35.613+07:00,2
4:15,photo,2024-08-14T21:17:35.613+07:00,6
3:01,video,2024-08-14T21:17:35.613+07:00,1
1:06,video,2024-08-14T21:17:35.613+07:00,3
3:49,video,2024-08-14T21:17:35.613+07:00,1
7:56,video,2024-08-14T21:17:35.613+07:00,2
10:16,photo,2024-08-14T21:17:35.613+07:00,3
21:20,photo,2024-08-14T21:17:35.613+07:00,3
11:23,photo,2024-08-14T21:17:35.613+07:00,1
9:24,photo,2024-08-14T21:17:35.613+07:00,6
10:36,photo,2024-08-14T21:17:35.613+07:00,2
4:25,video,2024-08-14T21:17:35.613+07:00,2
4:59,photo,2024-08-14T21:17:35.613+07:00,4
3:56,video,2024-08-14T21:17:35.613+07:00,1
