4:16,status,2024-08-14T21:17:35.613+07:00,1
8:06,photo,2024-08-14T21:17:35.613+07:00,3
2:10,photo,2024-08-14T21:17:35.613+07:00,4
21:55,photo,2024-08-14T21:17:35.613+07:00,2
23:50,photo,2024-08-14T21:17:35.613+07:00,5
9:55,photo,2024-08-14T21:17:35.613+07:00,5
20:59,photo,2024-08-14T21:17:35.613+07:00,1
13:00,photo,2024-08-14T21:17:35.613+07:00,1
22:52,photo,2024-08-14T21:17:35.613+07:00,6
1:14,video,2024-08-14T21:17:35.613+07:00,3
8:47,video,2024-08-14T21:17:35.613+07:00,3
8:04,video,2024-08-14T21:17:35.613+07:00,5
0:44,status,2024-08-14T21:17:35.613+07:00,1
4:11,video,2024-08-14T21:17:35.613+07:00,3
