13:10,video,2024-08-14T21:17:35.613+07:00,1
5:44,photo,2024-08-14T21:17:35.613+07:00,3
22:01,photo,2024-08-14T21:17:35.613+07:00,3
8:07,photo,2024-08-14T21:17:35.613+07:00,12
4:27,video,2024-08-14T21:17:35.613+07:00,1
11:33,photo,2024-08-14T21:17:35.613+07:00,3
9:50,video,2024-08-14T21:17:35.613+07:00,2
0:01,photo,2024-08-14T21:17:35.613+07:00,4
4:19,video,2024-08-14T21:17:35.613+07:00,1
6:01,video,2024-08-14T21:17:35.613+07:00,6
7:04,photo,2024-08-14T21:17:35.613+07:00,2
7:58,photo,2024-08-14T21:17:35.613+07:00,6
7:59,photo,2024-08-14T21:17:35.613+07:00,6
