7:48,photo,2024-08-14T21:17:35.613+07:00,2
8:41,video,2024-08-14T21:17:35.613+07:00,3
2:00,video,2024-08-14T21:17:35.613+07:00,3
23:33,photo,2024-08-14T21:17:35.613+07:00,4
7:21,photo,2024-08-14T21:17:35.613+07:00,3
2:07,photo,2024-08-14T21:17:35.613+07:00,3
13:49,video,2024-08-14T21:17:35.613+07:00,1
6:27,video,2024-08-14T21:17:35.613+07:00,1
9:49,photo,2024-08-14T21:17:35.613+07:00,3
21:56,photo,2024-08-14T21:17:35.613+07:00,2
5:43,video,2024-08-14T21:17:35.613+07:00,1
4:52,status,2024-08-14T21:17:35.613+07:00,2
3:43,photo,2024-08-14T21:17:35.613+07:00,3
