5:21,status,2024-08-14T21:17:35.613+07:00,1
12:01,photo,2024-08-14T21:17:35.613+07:00,1
10:43,photo,2024-08-14T21:17:35.613+07:00,2
1:45,photo,2024-08-14T21:17:35.613+07:00,5
1:22,photo,2024-08-14T21:17:35.613+07:00,6
22:59,photo,2024-08-14T21:17:35.613+07:00,3
8:38,video,2024-08-14T21:17:35.613+07:00,2
23:09,photo,2024-08-14T21:17:35.613+07:00,3
3:07,photo,2024-08-14T21:17:35.613+07:00,3
4:51,photo,2024-08-14T21:17:35.613+07:00,4
22:46,video,2024-08-14T21:17:35.613+07:00,1
0:21,photo,2024-08-14T21:17:35.613+07:00,5
2:40,link,2024-08-14T21:17:35.613+07:00,1
4:07,status,2024-08-14T21:17:35.613+07:00,1
0:09,video,2024-08-14T21:17:35.613+07:00,2
