4:37,photo,2024-08-14T21:17:35.613+07:00,3
2:58,photo,2024-08-14T21:17:35.613+07:00,3
23:25,video,2024-08-14T21:17:35.613+07:00,3
11:13,status,2024-08-14T21:17:35.613+07:00,1
3:35,video,2024-08-14T21:17:35.613+07:00,2
9:28,status,2024-08-14T21:17:35.613+07:00,2
7:14,status,2024-08-14T21:17:35.613+07:00,1
4:40,photo,2024-08-14T21:17:35.613+07:00,1
4:45,link,2024-08-14T21:17:35.613+07:00,2
7:50,photo,2024-08-14T21:17:35.613+07:00,3
0:42,status,2024-08-14T21:17:35.613+07:00,1
11:02,photo,2024-08-14T21:17:35.613+07:00,1
1:18,video,2024-08-14T21:17:35.613+07:00,3
4:44,photo,2024-08-14T21:17:35.613+07:00,3
