2:54,video,2024-08-14T21:17:35.613+07:00,1
7:05,video,2024-08-14T21:17:35.613+07:00,3
0:50,video,2024-08-14T21:17:35.613+07:00,3
0:43,video,2024-08-14T21:17:35.613+07:00,1
0:46,status,2024-08-14T21:17:35.613+07:00,2
22:02,video,2024-08-14T21:17:35.613+07:00,2
2:33,photo,2024-08-14T21:17:35.613+07:00,3
0:06,status,2024-08-14T21:17:35.613+07:00,1
13:08,video,2024-08-14T21:17:35.613+07:00,1
22:38,photo,2024-08-14T21:17:35.613+07:00,2
4:21,video,2024-08-14T21:17:35.613+07:00,3
7:13,photo,2024-08-14T21:17:35.613+07:00,5
