14:29,video,2024-08-14T21:17:35.613+07:00,1
0:00,video,2024-08-14T21:17:35.613+07:00,14
22:26,photo,2024-08-14T21:17:35.613+07:00,3
23:08,video,2024-08-14T21:17:35.613+07:00,1
9:53,video,2024-08-14T21:17:35.613+07:00,2
23:17,photo,2024-08-14T21:17:35.613+07:00,7
10:00,photo,2024-08-14T21:17:35.613+07:00,1
1:11,video,2024-08-14T21:17:35.613+07:00,1
0:01,video,2024-08-14T21:17:35.613+07:00,1
23:54,photo,2024-08-14T21:17:35.613+07:00,1
0:25,video,2024-08-14T21:17:35.613+07:00,1
2:42,photo,2024-08-14T21:17:35.613+07:00,3
0:29,photo,2024-08-14T21:17:35.613+07:00,2
