8:17,status,2024-08-14T21:17:35.613+07:00,1
4:33,photo,2024-08-14T21:17:35.613+07:00,2
20:42,photo,2024-08-14T21:17:35.613+07:00,1
4:14,photo,2024-08-14T21:17:35.613+07:00,7
1:24,photo,2024-08-14T21:17:35.613+07:00,2
8:48,photo,2024-08-14T21:17:35.613+07:00,3
0:36,status,2024-08-14T21:17:35.613+07:00,1
5:18,photo,2024-08-14T21:17:35.613+07:00,2
10:05,photo,2024-08-14T21:17:35.613+07:00,1
23:31,video,2024-08-14T21:17:35.613+07:00,1
7:45,photo,2024-08-14T21:17:35.613+07:00,3
9:00,photo,2024-08-14T21:17:35.613+07:00,6
2:51,photo,2024-08-14T21:17:35.613+07:00,4
