22:17,video,2024-08-14T21:17:35.613+07:00,1
22:48,photo,2024-08-14T21:17:35.613+07:00,5
1:49,video,2024-08-14T21:17:35.613+07:00,1
22:15,photo,2024-08-14T21:17:35.613+07:00,3
6:25,photo,2024-08-14T21:17:35.613+07:00,3
3:12,video,2024-08-14T21:17:35.613+07:00,1
8:32,photo,2024-08-14T21:17:35.613+07:00,3
11:38,photo,2024-08-14T21:17:35.613+07:00,1
20:58,photo,2024-08-14T21:17:35.613+07:00,2
8:23,photo,2024-08-14T21:17:35.613+07:00,4
13:33,photo,2024-08-14T21:17:35.613+07:00,1
4:53,video,2024-08-14T21:17:35.613+07:00,2
7:19,photo,2024-08-14T21:17:35.613+07:00,4
21:01,video,2024-08-14T21:17:35.613+07:00,1
1:58,video,2024-08-14T21:17:35.613+07:00,1
7:31,status,2024-08-14T21:17:35.613+07:00,1
