7:16,photo,2024-08-14T21:17:35.613+07:00,5
12:46,photo,2024-08-14T21:17:35.613+07:00,1
9:11,video,2024-08-14T21:17:35.613+07:00,3
2:51,video,2024-08-14T21:17:35.613+07:00,5
2:50,photo,2024-08-14T21:17:35.613+07:00,5
1:11,status,2024-08-14T21:17:35.613+07:00,1
1:41,video,2024-08-14T21:17:35.613+07:00,3
5:37,photo,2024-08-14T21:17:35.613+07:00,4
20:57,photo,2024-08-14T21:17:35.613+07:00,2
7:29,video,2024-08-14T21:17:35.613+07:00,3
4:53,photo,2024-08-14T21:17:35.613+07:00,6
14:08,video,2024-08-14T21:17:35.613+07:00,1
3:41,photo,2024-08-14T21:17:35.613+07:00,4
23:48,video,2024-08-14T21:17:35.613+07:00,1
23:07,photo,2024-08-14T21:17:35.613+07:00,4
2:25,status,2024-08-14T21:17:35.613+07:00,1
