2:03,photo,2024-08-14T21:17:35.613+07:00,9
8:35,photo,2024-08-14T21:17:35.613+07:00,6
18:15,photo,2024-08-14T21:17:35.613+07:00,1
4:02,photo,2024-08-14T21:17:35.613+07:00,3
2:36,video,2024-08-14T21:17:35.613+07:00,4
1:06,status,2024-08-14T21:17:35.613+07:00,1
1:49,photo,2024-08-14T21:17:35.613+07:00,4
22:18,status,2024-08-14T21:17:35.613+07:00,1
1:08,video,2024-08-14T21:17:35.613+07:00,2
5:40,video,2024-08-14T21:17:35.613+07:00,2
7:10,video,2024-08-14T21:17:35.613+07:00,2
5:46,video,2024-08-14T21:17:35.613+07:00,3
10:06,video,2024-08-14T21:17:35.613+07:00,2
9:26,photo,2024-08-14T21:17:35.613+07:00,4
10:22,status,2024-08-14T21:17:35.613+07:00,1
23:43,photo,2024-08-14T21:17:35.613+07:00,4
