19:45,photo,2024-08-14T21:17:35.613+07:00,1
12:25,photo,2024-08-14T21:17:35.613+07:00,1
11:52,photo,2024-08-14T21:17:35.613+07:00,2
23:15,photo,2024-08-14T21:17:35.613+07:00,5
4:36,video,2024-08-14T21:17:35.613+07:00,1
9:41,photo,2024-08-14T21:17:35.613+07:00,6
1:36,video,2024-08-14T21:17:35.613+07:00,2
9:57,video,2024-08-14T21:17:35.613+07:00,1
11:50,photo,2024-08-14T21:17:35.613+07:00,1
6:37,photo,2024-08-14T21:17:35.613+07:00,8
21:08,video,2024-08-14T21:17:35.613+07:00,1
10:15,status,2024-08-14T21:17:35.613+07:00,1
