22:00,video,2024-08-14T21:17:35.613+07:00,2
5:00,photo,2024-08-14T21:17:35.613+07:00,4
8:57,video,2024-08-14T21:17:35.613+07:00,2
23:42,status,2024-08-14T21:17:35.613+07:00,2
22:03,photo,2024-08-14T21:17:35.613+07:00,4
5:09,video,2024-08-14T21:17:35.613+07:00,2
8:36,photo,2024-08-14T21:17:35.613+07:00,2
7:58,video,2024-08-14T21:17:35.613+07:00,4
1:54,photo,2024-08-14T21:17:35.613+07:00,5
2:28,video,2024-08-14T21:17:35.613+07:00,3
8:24,photo,2024-08-14T21:17:35.613+07:00,11
12:52,photo,2024-08-14T21:17:35.613+07:00,1
21:27,status,2024-08-14T21:17:35.613+07:00,1
