22:59,status,2024-08-14T21:17:35.613+07:00,1
10:27,photo,2024-08-14T21:17:35.613+07:00,2
0:39,video,2024-08-14T21:17:35.613+07:00,1
23:14,photo,2024-08-14T21:17:35.613+07:00,6
13:36,video,2024-08-14T21:17:35.613+07:00,1
12:07,link,2024-08-14T21:17:35.613+07:00,1
21:37,photo,2024-08-14T21:17:35.613+07:00,1
6:49,video,2024-08-14T21:17:35.613+07:00,1
4:14,video,2024-08-14T21:17:35.613+07:00,1
4:58,photo,2024-08-14T21:17:35.613+07:00,2
9:17,video,2024-08-14T21:17:35.613+07:00,1
2:12,status,2024-08-14T21:17:35.613+07:00,1
7:59,video,2024-08-14T21:17:35.613+07:00,5
