23:34,link,2024-08-14T21:17:35.613+07:00,1
8:26,video,2024-08-14T21:17:35.613+07:00,8
19:49,photo,2024-08-14T21:17:35.613+07:00,1
6:14,video,2024-08-14T21:17:35.613+07:00,2
6:08,photo,2024-08-14T21:17:35.613+07:00,1
8:47,photo,2024-08-14T21:17:35.613+07:00,3
6:54,video,2024-08-14T21:17:35.613+07:00,1
1:52,video,2024-08-14T21:17:35.613+07:00,6
4:02,status,2024-08-14T21:17:35.613+07:00,1
20:38,photo,2024-08-14T21:17:35.613+07:00,1
8:06,video,2024-08-14T21:17:35.613+07:00,2
7:51,video,2024-08-14T21:17:35.613+07:00,2
0:42,photo,2024-08-14T21:17:35.613+07:00,3
6:26,video,2024-08-14T21:17:35.613+07:00,1
