6:28,photo,2024-08-14T21:17:35.613+07:00,1
4:01,photo,2024-08-14T21:17:35.613+07:00,4
20:38,link,2024-08-14T21:17:35.613+07:00,1
6:19,photo,2024-08-14T21:17:35.613+07:00,4
4:01,status,2024-08-14T21:17:35.613+07:00,1
23:49,photo,2024-08-14T21:17:35.613+07:00,5
10:06,photo,2024-08-14T21:17:35.613+07:00,1
21:02,photo,2024-08-14T21:17:35.613+07:00,1
7:11,status,2024-08-14T21:17:35.613+07:00,1
1:17,photo,2024-08-14T21:17:35.613+07:00,6
4:56,status,2024-08-14T21:17:35.613+07:00,1
6:42,photo,2024-08-14T21:17:35.613+07:00,4
