4:49,photo,2024-08-14T21:17:35.613+07:00,2
21:14,photo,2024-08-14T21:17:35.613+07:00,3
3:30,video,2024-08-14T21:17:35.613+07:00,1
22:50,video,2024-08-14T21:17:35.613+07:00,3
1:48,status,2024-08-14T21:17:35.613+07:00,1
7:45,video,2024-08-14T21:17:35.613+07:00,1
2:47,status,2024-08-14T21:17:35.613+07:00,1
11:46,photo,2024-08-14T21:17:35.613+07:00,2
19:09,video,2024-08-14T21:17:35.613+07:00,1
23:52,photo,2024-08-14T21:17:35.613+07:00,4
3:00,photo,2024-08-14T21:17:35.613+07:00,3
23:12,photo,2024-08-14T21:17:35.613+07:00,4
5:23,video,2024-08-14T21:17:35.613+07:00,1
