9:17,photo,2024-08-14T21:17:35.613+07:00,10
10:16,video,2024-08-14T21:17:35.613+07:00,2
4:12,video,2024-08-14T21:17:35.613+07:00,1
1:54,video,2024-08-14T21:17:35.613+07:00,2
5:58,photo,2024-08-14T21:17:35.613+07:00,2
3:59,video,2024-08-14T21:17:35.613+07:00,1
23:20,video,2024-08-14T21:17:35.613+07:00,1
4:08,photo,2024-08-14T21:17:35.613+07:00,3
7:43,photo,2024-08-14T21:17:35.613+07:00,3
6:16,video,2024-08-14T21:17:35.613+07:00,2
1:16,photo,2024-08-14T21:17:35.613+07:00,5
6:00,photo,2024-08-14T21:17:35.613+07:00,3
5:26,status,2024-08-14T21:17:35.613+07:00,1
8:21,photo,2024-08-14T21:17:35.613+07:00,3
3:34,photo,2024-08-14T21:17:35.613+07:00,5
8:58,photo,2024-08-14T21:17:35.613+07:00,5
4:32,video,2024-08-14T21:17:35.613+07:00,2
9:21,video,2024-08-14T21:17:35.613+07:00,1
