0:46,photo,2024-08-14T21:17:35.613+07:00,2
7:41,video,2024-08-14T21:17:35.613+07:00,4
2:40,photo,2024-08-14T21:17:35.613+07:00,5
6:12,video,2024-08-14T21:17:35.613+07:00,2
8:53,photo,2024-08-14T21:17:35.613+07:00,2
23:06,photo,2024-08-14T21:17:35.613+07:00,2
5:17,photo,2024-08-14T21:17:35.613+07:00,4
2:14,video,2024-08-14T21:17:35.613+07:00,3
6:17,photo,2024-08-14T21:17:35.613+07:00,1
8:56,status,2024-08-14T21:17:35.613+07:00,1
21:49,video,2024-08-14T21:17:35.613+07:00,1
1:50,video,2024-08-14T21:17:35.613+07:00,1
8:02,video,2024-08-14T21:17:35.613+07:00,3
4:05,status,2024-08-14T21:17:35.613+07:00,1
6:29,video,2024-08-14T21:17:35.613+07:00,2
