22:41,photo,2024-08-14T21:17:35.613+07:00,4
22:38,video,2024-08-14T21:17:35.613+07:00,4
22:13,video,2024-08-14T21:17:35.613+07:00,2
23:52,video,2024-08-14T21:17:35.613+07:00,3
1:44,photo,2024-08-14T21:17:35.613+07:00,2
23:29,photo,2024-08-14T21:17:35.613+07:00,5
13:11,photo,2024-08-14T21:17:35.613+07:00,1
1:00,photo,2024-08-14T21:17:35.613+07:00,2
2:05,video,2024-08-14T21:17:35.613+07:00,3
5:38,photo,2024-08-14T21:17:35.613+07:00,2
5:26,video,2024-08-14T21:17:35.613+07:00,4
3:07,status,2024-08-14T21:17:35.613+07:00,3
